{
  "rf": {
    "train_accuracy": 1.0,
    "test_accuracy": 0.47,
    "train_f1": 1.0,
    "test_f1": 0.49038461538461536,
    "confusion_test": [
      [
        43,
        58
      ],
      [
        48,
        51
      ]
    ]
  },
  "xgb": {
    "train_accuracy": 1.0,
    "test_accuracy": 0.52,
    "train_f1": 1.0,
    "test_f1": 0.5294117647058824,
    "confusion_test": [
      [
        50,
        51
      ],
      [
        45,
        54
      ]
    ]
  },
  "lgbm": {
    "train_accuracy": 1.0,
    "test_accuracy": 0.475,
    "train_f1": 1.0,
    "test_f1": 0.4444444444444444,
    "confusion_test": [
      [
        53,
        48
      ],
      [
        57,
        42
      ]
    ]
  },
  "mlp": {
    "train_accuracy": 0.97,
    "test_accuracy": 0.475,
    "train_f1": 0.9702970297029703,
    "test_f1": 0.49760765550239233,
    "confusion_test": [
      [
        43,
        58
      ],
      [
        47,
        52
      ]
    ]
  },
  "svm": {
    "train_accuracy": 0.8475,
    "test_accuracy": 0.54,
    "train_f1": 0.8486352357320099,
    "test_f1": 0.5306122448979592,
    "confusion_test": [
      [
        56,
        45
      ],
      [
        47,
        52
      ]
    ]
  },
  "stacking": {
    "train_accuracy": 0.0,
    "test_accuracy": 0.505,
    "train_f1": 0.0,
    "test_f1": 0.45901639344262296,
    "confusion_test": [
      [
        59,
        42
      ],
      [
        57,
        42
      ]
    ]
  }
}